SourceFile,Emissivity,SubjectDistance,AtmosphericTemperature,ReflectedApparentTemperature,IRWindowTemperature,IRWindowTransmission,RelativeHumidity,PlanckR1,PlanckB,PlanckF,PlanckO,PlanckR2,Real2IR,OffsetX,OffsetY,PiPX1,PiPX2,PiPY1,PiPY2,EmbeddedImageWidth,EmbeddedImageHeight,t_numpy_file,rgb_numpy_file
raw_data_source/RGBT_jpg/FLIR0980.jpg,0.95,5 m,20.0 C,20.0 C,20.0 C,1.0,50.0 %,12144.752,1337.5,1.65,-6137,0.013073633,1.4022262096405,0,-12,0,80,0,60,640,480,raw_data_source/T_npy/FLIR0980.npy,raw_data_source/RGB_npy/FLIR0980.npy
raw_data_source/RGBT_jpg/FLIR0982.jpg,0.95,5 m,20.0 C,20.0 C,20.0 C,1.0,50.0 %,12144.752,1337.5,1.65,-6137,0.013073633,1.4022262096405,0,-12,0,80,0,60,640,480,raw_data_source/T_npy/FLIR0982.npy,raw_data_source/RGB_npy/FLIR0982.npy
raw_data_source/RGBT_jpg/FLIR0984.jpg,0.95,5 m,20.0 C,20.0 C,20.0 C,1.0,50.0 %,12144.752,1337.5,1.65,-6137,0.013073633,1.4022262096405,0,-12,0,80,0,60,640,480,raw_data_source/T_npy/FLIR0984.npy,raw_data_source/RGB_npy/FLIR0984.npy
raw_data_source/RGBT_jpg/FLIR0986.jpg,0.95,5 m,20.0 C,20.0 C,20.0 C,1.0,50.0 %,12144.752,1337.5,1.65,-6137,0.013073633,1.4022262096405,0,-12,0,80,0,60,640,480,raw_data_source/T_npy/FLIR0986.npy,raw_data_source/RGB_npy/FLIR0986.npy
raw_data_source/RGBT_jpg/FLIR0988.jpg,0.95,5 m,20.0 C,20.0 C,20.0 C,1.0,50.0 %,12144.752,1337.5,1.65,-6137,0.013073633,1.4022262096405,0,-12,0,80,0,60,640,480,raw_data_source/T_npy/FLIR0988.npy,raw_data_source/RGB_npy/FLIR0988.npy
raw_data_source/RGBT_jpg/FLIR0990.jpg,0.95,5 m,20.0 C,20.0 C,20.0 C,1.0,50.0 %,12144.752,1337.5,1.65,-6137,0.013073633,1.4022262096405,0,-12,0,80,0,60,640,480,raw_data_source/T_npy/FLIR0990.npy,raw_data_source/RGB_npy/FLIR0990.npy
raw_data_source/RGBT_jpg/FLIR0992.jpg,0.95,5 m,20.0 C,20.0 C,20.0 C,1.0,50.0 %,12144.752,1337.5,1.65,-6137,0.013073633,1.4022262096405,0,-12,0,80,0,60,640,480,raw_data_source/T_npy/FLIR0992.npy,raw_data_source/RGB_npy/FLIR0992.npy
raw_data_source/RGBT_jpg/FLIR0994.jpg,0.95,5 m,20.0 C,20.0 C,20.0 C,1.0,50.0 %,12144.752,1337.5,1.65,-6137,0.013073633,1.4022262096405,0,-12,0,80,0,60,640,480,raw_data_source/T_npy/FLIR0994.npy,raw_data_source/RGB_npy/FLIR0994.npy
raw_data_source/RGBT_jpg/FLIR0996.jpg,0.95,5 m,20.0 C,20.0 C,20.0 C,1.0,50.0 %,12144.752,1337.5,1.65,-6137,0.013073633,1.4022262096405,0,-12,0,80,0,60,640,480,raw_data_source/T_npy/FLIR0996.npy,raw_data_source/RGB_npy/FLIR0996.npy
raw_data_source/RGBT_jpg/FLIR0998.jpg,0.95,5 m,20.0 C,20.0 C,20.0 C,1.0,50.0 %,12144.752,1337.5,1.65,-6137,0.013073633,1.4022262096405,0,-12,0,80,0,60,640,480,raw_data_source/T_npy/FLIR0998.npy,raw_data_source/RGB_npy/FLIR0998.npy
raw_data_source/RGBT_jpg/FLIR1000.jpg,0.95,5 m,20.0 C,20.0 C,20.0 C,1.0,50.0 %,12144.752,1337.5,1.65,-6137,0.013073633,1.4022262096405,0,-12,0,80,0,60,640,480,raw_data_source/T_npy/FLIR1000.npy,raw_data_source/RGB_npy/FLIR1000.npy
raw_data_source/RGBT_jpg/FLIR1002.jpg,0.95,5 m,20.0 C,20.0 C,20.0 C,1.0,50.0 %,12144.752,1337.5,1.65,-6137,0.013073633,1.4022262096405,0,-12,0,80,0,60,640,480,raw_data_source/T_npy/FLIR1002.npy,raw_data_source/RGB_npy/FLIR1002.npy
raw_data_source/RGBT_jpg/FLIR1004.jpg,0.95,5 m,20.0 C,20.0 C,20.0 C,1.0,50.0 %,12144.752,1337.5,1.65,-6137,0.013073633,1.4022262096405,0,-12,0,80,0,60,640,480,raw_data_source/T_npy/FLIR1004.npy,raw_data_source/RGB_npy/FLIR1004.npy
raw_data_source/RGBT_jpg/FLIR1006.jpg,0.95,5 m,20.0 C,20.0 C,20.0 C,1.0,50.0 %,12144.752,1337.5,1.65,-6137,0.013073633,1.4022262096405,0,-12,0,80,0,60,640,480,raw_data_source/T_npy/FLIR1006.npy,raw_data_source/RGB_npy/FLIR1006.npy
raw_data_source/RGBT_jpg/FLIR1008.jpg,0.95,5 m,20.0 C,20.0 C,20.0 C,1.0,50.0 %,12144.752,1337.5,1.65,-6137,0.013073633,1.4022262096405,0,-12,0,80,0,60,640,480,raw_data_source/T_npy/FLIR1008.npy,raw_data_source/RGB_npy/FLIR1008.npy
raw_data_source/RGBT_jpg/FLIR1010.jpg,0.95,5 m,20.0 C,20.0 C,20.0 C,1.0,50.0 %,12144.752,1337.5,1.65,-6137,0.013073633,1.4022262096405,0,-12,0,80,0,60,640,480,raw_data_source/T_npy/FLIR1010.npy,raw_data_source/RGB_npy/FLIR1010.npy
raw_data_source/RGBT_jpg/FLIR1012.jpg,0.95,5 m,20.0 C,20.0 C,20.0 C,1.0,50.0 %,12144.752,1337.5,1.65,-6137,0.013073633,1.4022262096405,0,-12,0,80,0,60,640,480,raw_data_source/T_npy/FLIR1012.npy,raw_data_source/RGB_npy/FLIR1012.npy
raw_data_source/RGBT_jpg/FLIR1014.jpg,0.95,5 m,20.0 C,20.0 C,20.0 C,1.0,50.0 %,12144.752,1337.5,1.65,-6137,0.013073633,1.4022262096405,0,-12,0,80,0,60,640,480,raw_data_source/T_npy/FLIR1014.npy,raw_data_source/RGB_npy/FLIR1014.npy
raw_data_source/RGBT_jpg/FLIR1016.jpg,0.95,5 m,20.0 C,20.0 C,20.0 C,1.0,50.0 %,12144.752,1337.5,1.65,-6137,0.013073633,1.4022262096405,0,-12,0,80,0,60,640,480,raw_data_source/T_npy/FLIR1016.npy,raw_data_source/RGB_npy/FLIR1016.npy
raw_data_source/RGBT_jpg/FLIR1018.jpg,0.95,5 m,20.0 C,20.0 C,20.0 C,1.0,50.0 %,12144.752,1337.5,1.65,-6137,0.013073633,1.4022262096405,0,-12,0,80,0,60,640,480,raw_data_source/T_npy/FLIR1018.npy,raw_data_source/RGB_npy/FLIR1018.npy
raw_data_source/RGBT_jpg/FLIR1020.jpg,0.95,5 m,20.0 C,20.0 C,20.0 C,1.0,50.0 %,12144.752,1337.5,1.65,-6137,0.013073633,1.4022262096405,0,-12,0,80,0,60,640,480,raw_data_source/T_npy/FLIR1020.npy,raw_data_source/RGB_npy/FLIR1020.npy
raw_data_source/RGBT_jpg/FLIR1022.jpg,0.95,5 m,20.0 C,20.0 C,20.0 C,1.0,50.0 %,12144.752,1337.5,1.65,-6137,0.013073633,1.4022262096405,0,-12,0,80,0,60,640,480,raw_data_source/T_npy/FLIR1022.npy,raw_data_source/RGB_npy/FLIR1022.npy
raw_data_source/RGBT_jpg/FLIR1024.jpg,0.95,5 m,20.0 C,20.0 C,20.0 C,1.0,50.0 %,12144.752,1337.5,1.65,-6137,0.013073633,1.4022262096405,0,-12,0,80,0,60,640,480,raw_data_source/T_npy/FLIR1024.npy,raw_data_source/RGB_npy/FLIR1024.npy
raw_data_source/RGBT_jpg/FLIR1026.jpg,0.95,5 m,20.0 C,20.0 C,20.0 C,1.0,50.0 %,12144.752,1337.5,1.65,-6137,0.013073633,1.4022262096405,0,-12,0,80,0,60,640,480,raw_data_source/T_npy/FLIR1026.npy,raw_data_source/RGB_npy/FLIR1026.npy
raw_data_source/RGBT_jpg/FLIR1028.jpg,0.95,5 m,20.0 C,20.0 C,20.0 C,1.0,50.0 %,12144.752,1337.5,1.65,-6137,0.013073633,1.4022262096405,0,-12,0,80,0,60,640,480,raw_data_source/T_npy/FLIR1028.npy,raw_data_source/RGB_npy/FLIR1028.npy
raw_data_source/RGBT_jpg/FLIR1030.jpg,0.95,5 m,20.0 C,20.0 C,20.0 C,1.0,50.0 %,12144.752,1337.5,1.65,-6137,0.013073633,1.4022262096405,0,-12,0,80,0,60,640,480,raw_data_source/T_npy/FLIR1030.npy,raw_data_source/RGB_npy/FLIR1030.npy
raw_data_source/RGBT_jpg/FLIR1032.jpg,0.95,5 m,20.0 C,20.0 C,20.0 C,1.0,50.0 %,12144.752,1337.5,1.65,-6137,0.013073633,1.4022262096405,0,-12,0,80,0,60,640,480,raw_data_source/T_npy/FLIR1032.npy,raw_data_source/RGB_npy/FLIR1032.npy
raw_data_source/RGBT_jpg/FLIR1034.jpg,0.95,5 m,20.0 C,20.0 C,20.0 C,1.0,50.0 %,12144.752,1337.5,1.65,-6137,0.013073633,1.4022262096405,0,-12,0,80,0,60,640,480,raw_data_source/T_npy/FLIR1034.npy,raw_data_source/RGB_npy/FLIR1034.npy
raw_data_source/RGBT_jpg/FLIR1036.jpg,0.95,5 m,20.0 C,20.0 C,20.0 C,1.0,50.0 %,12144.752,1337.5,1.65,-6137,0.013073633,1.4022262096405,0,-12,0,80,0,60,640,480,raw_data_source/T_npy/FLIR1036.npy,raw_data_source/RGB_npy/FLIR1036.npy
raw_data_source/RGBT_jpg/FLIR1038.jpg,0.95,5 m,20.0 C,20.0 C,20.0 C,1.0,50.0 %,12144.752,1337.5,1.65,-6137,0.013073633,1.4022262096405,0,-12,0,80,0,60,640,480,raw_data_source/T_npy/FLIR1038.npy,raw_data_source/RGB_npy/FLIR1038.npy
raw_data_source/RGBT_jpg/FLIR1040.jpg,0.95,5 m,20.0 C,20.0 C,20.0 C,1.0,50.0 %,12144.752,1337.5,1.65,-6137,0.013073633,1.4022262096405,0,-12,0,80,0,60,640,480,raw_data_source/T_npy/FLIR1040.npy,raw_data_source/RGB_npy/FLIR1040.npy
raw_data_source/RGBT_jpg/FLIR1042.jpg,0.95,5 m,20.0 C,20.0 C,20.0 C,1.0,50.0 %,12144.752,1337.5,1.65,-6137,0.013073633,1.4022262096405,0,-12,0,80,0,60,640,480,raw_data_source/T_npy/FLIR1042.npy,raw_data_source/RGB_npy/FLIR1042.npy
raw_data_source/RGBT_jpg/FLIR1044.jpg,0.95,5 m,20.0 C,20.0 C,20.0 C,1.0,50.0 %,12144.752,1337.5,1.65,-6137,0.013073633,1.4022262096405,0,-12,0,80,0,60,640,480,raw_data_source/T_npy/FLIR1044.npy,raw_data_source/RGB_npy/FLIR1044.npy
raw_data_source/RGBT_jpg/FLIR1046.jpg,0.95,5 m,20.0 C,20.0 C,20.0 C,1.0,50.0 %,12144.752,1337.5,1.65,-6137,0.013073633,1.4022262096405,0,-12,0,80,0,60,640,480,raw_data_source/T_npy/FLIR1046.npy,raw_data_source/RGB_npy/FLIR1046.npy
raw_data_source/RGBT_jpg/FLIR1048.jpg,0.95,5 m,20.0 C,20.0 C,20.0 C,1.0,50.0 %,12144.752,1337.5,1.65,-6137,0.013073633,1.4022262096405,0,-12,0,80,0,60,640,480,raw_data_source/T_npy/FLIR1048.npy,raw_data_source/RGB_npy/FLIR1048.npy
raw_data_source/RGBT_jpg/FLIR1050.jpg,0.95,5 m,20.0 C,20.0 C,20.0 C,1.0,50.0 %,12144.752,1337.5,1.65,-6137,0.013073633,1.4022262096405,0,-12,0,80,0,60,640,480,raw_data_source/T_npy/FLIR1050.npy,raw_data_source/RGB_npy/FLIR1050.npy
raw_data_source/RGBT_jpg/FLIR1052.jpg,0.95,5 m,20.0 C,20.0 C,20.0 C,1.0,50.0 %,12144.752,1337.5,1.65,-6137,0.013073633,1.4022262096405,0,-12,0,80,0,60,640,480,raw_data_source/T_npy/FLIR1052.npy,raw_data_source/RGB_npy/FLIR1052.npy
raw_data_source/RGBT_jpg/FLIR1054.jpg,0.95,5 m,20.0 C,20.0 C,20.0 C,1.0,50.0 %,12144.752,1337.5,1.65,-6137,0.013073633,1.4022262096405,0,-12,0,80,0,60,640,480,raw_data_source/T_npy/FLIR1054.npy,raw_data_source/RGB_npy/FLIR1054.npy
raw_data_source/RGBT_jpg/FLIR1056.jpg,0.95,5 m,20.0 C,20.0 C,20.0 C,1.0,50.0 %,12144.752,1337.5,1.65,-6137,0.013073633,1.4022262096405,0,-12,0,80,0,60,640,480,raw_data_source/T_npy/FLIR1056.npy,raw_data_source/RGB_npy/FLIR1056.npy
raw_data_source/RGBT_jpg/FLIR1058.jpg,0.95,5 m,20.0 C,20.0 C,20.0 C,1.0,50.0 %,12144.752,1337.5,1.65,-6137,0.013073633,1.4022262096405,0,-12,0,80,0,60,640,480,raw_data_source/T_npy/FLIR1058.npy,raw_data_source/RGB_npy/FLIR1058.npy
raw_data_source/RGBT_jpg/FLIR1060.jpg,0.95,5 m,20.0 C,20.0 C,20.0 C,1.0,50.0 %,12144.752,1337.5,1.65,-6137,0.013073633,1.4022262096405,0,-12,0,80,0,60,640,480,raw_data_source/T_npy/FLIR1060.npy,raw_data_source/RGB_npy/FLIR1060.npy
raw_data_source/RGBT_jpg/FLIR1062.jpg,0.95,5 m,20.0 C,20.0 C,20.0 C,1.0,50.0 %,12144.752,1337.5,1.65,-6137,0.013073633,1.4022262096405,0,-12,0,80,0,60,640,480,raw_data_source/T_npy/FLIR1062.npy,raw_data_source/RGB_npy/FLIR1062.npy
raw_data_source/RGBT_jpg/FLIR1064.jpg,0.95,5 m,20.0 C,20.0 C,20.0 C,1.0,50.0 %,12144.752,1337.5,1.65,-6137,0.013073633,1.4022262096405,0,-12,0,80,0,60,640,480,raw_data_source/T_npy/FLIR1064.npy,raw_data_source/RGB_npy/FLIR1064.npy
raw_data_source/RGBT_jpg/FLIR1066.jpg,0.95,5 m,20.0 C,20.0 C,20.0 C,1.0,50.0 %,12144.752,1337.5,1.65,-6137,0.013073633,1.4022262096405,0,-12,0,80,0,60,640,480,raw_data_source/T_npy/FLIR1066.npy,raw_data_source/RGB_npy/FLIR1066.npy
raw_data_source/RGBT_jpg/FLIR1068.jpg,0.95,5 m,20.0 C,20.0 C,20.0 C,1.0,50.0 %,12144.752,1337.5,1.65,-6137,0.013073633,1.4022262096405,0,-12,0,80,0,60,640,480,raw_data_source/T_npy/FLIR1068.npy,raw_data_source/RGB_npy/FLIR1068.npy
raw_data_source/RGBT_jpg/FLIR1070.jpg,0.95,5 m,20.0 C,20.0 C,20.0 C,1.0,50.0 %,12144.752,1337.5,1.65,-6137,0.013073633,1.4022262096405,0,-12,0,80,0,60,640,480,raw_data_source/T_npy/FLIR1070.npy,raw_data_source/RGB_npy/FLIR1070.npy
raw_data_source/RGBT_jpg/FLIR1072.jpg,0.95,5 m,20.0 C,20.0 C,20.0 C,1.0,50.0 %,12144.752,1337.5,1.65,-6137,0.013073633,1.4022262096405,0,-12,0,80,0,60,640,480,raw_data_source/T_npy/FLIR1072.npy,raw_data_source/RGB_npy/FLIR1072.npy
raw_data_source/RGBT_jpg/FLIR1074.jpg,0.95,5 m,20.0 C,20.0 C,20.0 C,1.0,50.0 %,12144.752,1337.5,1.65,-6137,0.013073633,1.4022262096405,0,-12,0,80,0,60,640,480,raw_data_source/T_npy/FLIR1074.npy,raw_data_source/RGB_npy/FLIR1074.npy
raw_data_source/RGBT_jpg/FLIR1076.jpg,0.95,5 m,20.0 C,20.0 C,20.0 C,1.0,50.0 %,12144.752,1337.5,1.65,-6137,0.013073633,1.4022262096405,0,-12,0,80,0,60,640,480,raw_data_source/T_npy/FLIR1076.npy,raw_data_source/RGB_npy/FLIR1076.npy
raw_data_source/RGBT_jpg/FLIR1078.jpg,0.95,5 m,20.0 C,20.0 C,20.0 C,1.0,50.0 %,12144.752,1337.5,1.65,-6137,0.013073633,1.4022262096405,0,-12,0,80,0,60,640,480,raw_data_source/T_npy/FLIR1078.npy,raw_data_source/RGB_npy/FLIR1078.npy
raw_data_source/RGBT_jpg/FLIR1080.jpg,0.95,5 m,20.0 C,20.0 C,20.0 C,1.0,50.0 %,12144.752,1337.5,1.65,-6137,0.013073633,1.4022262096405,0,-12,0,80,0,60,640,480,raw_data_source/T_npy/FLIR1080.npy,raw_data_source/RGB_npy/FLIR1080.npy
raw_data_source/RGBT_jpg/FLIR1082.jpg,0.95,5 m,20.0 C,20.0 C,20.0 C,1.0,50.0 %,12144.752,1337.5,1.65,-6137,0.013073633,1.4022262096405,0,-12,0,80,0,60,640,480,raw_data_source/T_npy/FLIR1082.npy,raw_data_source/RGB_npy/FLIR1082.npy
raw_data_source/RGBT_jpg/FLIR1084.jpg,0.95,5 m,20.0 C,20.0 C,20.0 C,1.0,50.0 %,12144.752,1337.5,1.65,-6137,0.013073633,1.4022262096405,0,-12,0,80,0,60,640,480,raw_data_source/T_npy/FLIR1084.npy,raw_data_source/RGB_npy/FLIR1084.npy
raw_data_source/RGBT_jpg/FLIR1086.jpg,0.95,5 m,20.0 C,20.0 C,20.0 C,1.0,50.0 %,12144.752,1337.5,1.65,-6137,0.013073633,1.4022262096405,0,-12,0,80,0,60,640,480,raw_data_source/T_npy/FLIR1086.npy,raw_data_source/RGB_npy/FLIR1086.npy
raw_data_source/RGBT_jpg/FLIR1088.jpg,0.95,5 m,20.0 C,20.0 C,20.0 C,1.0,50.0 %,12144.752,1337.5,1.65,-6137,0.013073633,1.4022262096405,0,-12,0,80,0,60,640,480,raw_data_source/T_npy/FLIR1088.npy,raw_data_source/RGB_npy/FLIR1088.npy
raw_data_source/RGBT_jpg/FLIR1090.jpg,0.95,5 m,20.0 C,20.0 C,20.0 C,1.0,50.0 %,12144.752,1337.5,1.65,-6137,0.013073633,1.4022262096405,0,-12,0,80,0,60,640,480,raw_data_source/T_npy/FLIR1090.npy,raw_data_source/RGB_npy/FLIR1090.npy
raw_data_source/RGBT_jpg/FLIR1092.jpg,0.95,5 m,20.0 C,20.0 C,20.0 C,1.0,50.0 %,12144.752,1337.5,1.65,-6137,0.013073633,1.4022262096405,0,-12,0,80,0,60,640,480,raw_data_source/T_npy/FLIR1092.npy,raw_data_source/RGB_npy/FLIR1092.npy
raw_data_source/RGBT_jpg/FLIR1094.jpg,0.95,5 m,20.0 C,20.0 C,20.0 C,1.0,50.0 %,12144.752,1337.5,1.65,-6137,0.013073633,1.4022262096405,0,-12,0,80,0,60,640,480,raw_data_source/T_npy/FLIR1094.npy,raw_data_source/RGB_npy/FLIR1094.npy
raw_data_source/RGBT_jpg/FLIR1096.jpg,0.95,5 m,20.0 C,20.0 C,20.0 C,1.0,50.0 %,12144.752,1337.5,1.65,-6137,0.013073633,1.4022262096405,0,-12,0,80,0,60,640,480,raw_data_source/T_npy/FLIR1096.npy,raw_data_source/RGB_npy/FLIR1096.npy
raw_data_source/RGBT_jpg/FLIR1098.jpg,0.95,5 m,20.0 C,20.0 C,20.0 C,1.0,50.0 %,12144.752,1337.5,1.65,-6137,0.013073633,1.4022262096405,0,-12,0,80,0,60,640,480,raw_data_source/T_npy/FLIR1098.npy,raw_data_source/RGB_npy/FLIR1098.npy
raw_data_source/RGBT_jpg/FLIR1100.jpg,0.95,5 m,20.0 C,20.0 C,20.0 C,1.0,50.0 %,12144.752,1337.5,1.65,-6137,0.013073633,1.4022262096405,0,-12,0,80,0,60,640,480,raw_data_source/T_npy/FLIR1100.npy,raw_data_source/RGB_npy/FLIR1100.npy
raw_data_source/RGBT_jpg/FLIR1102.jpg,0.95,5 m,20.0 C,20.0 C,20.0 C,1.0,50.0 %,12144.752,1337.5,1.65,-6137,0.013073633,1.4022262096405,0,-12,0,80,0,60,640,480,raw_data_source/T_npy/FLIR1102.npy,raw_data_source/RGB_npy/FLIR1102.npy
raw_data_source/RGBT_jpg/FLIR1104.jpg,0.95,5 m,20.0 C,20.0 C,20.0 C,1.0,50.0 %,12144.752,1337.5,1.65,-6137,0.013073633,1.4022262096405,0,-12,0,80,0,60,640,480,raw_data_source/T_npy/FLIR1104.npy,raw_data_source/RGB_npy/FLIR1104.npy
raw_data_source/RGBT_jpg/FLIR1106.jpg,0.95,5 m,20.0 C,20.0 C,20.0 C,1.0,50.0 %,12144.752,1337.5,1.65,-6137,0.013073633,1.4022262096405,0,-12,0,80,0,60,640,480,raw_data_source/T_npy/FLIR1106.npy,raw_data_source/RGB_npy/FLIR1106.npy
raw_data_source/RGBT_jpg/FLIR1108.jpg,0.95,5 m,20.0 C,20.0 C,20.0 C,1.0,50.0 %,12144.752,1337.5,1.65,-6137,0.013073633,1.4022262096405,0,-12,0,80,0,60,640,480,raw_data_source/T_npy/FLIR1108.npy,raw_data_source/RGB_npy/FLIR1108.npy
raw_data_source/RGBT_jpg/FLIR1110.jpg,0.95,5 m,20.0 C,20.0 C,20.0 C,1.0,50.0 %,12144.752,1337.5,1.65,-6137,0.013073633,1.4022262096405,0,-12,0,80,0,60,640,480,raw_data_source/T_npy/FLIR1110.npy,raw_data_source/RGB_npy/FLIR1110.npy
raw_data_source/RGBT_jpg/FLIR1112.jpg,0.95,5 m,20.0 C,20.0 C,20.0 C,1.0,50.0 %,12144.752,1337.5,1.65,-6137,0.013073633,1.4022262096405,0,-12,0,80,0,60,640,480,raw_data_source/T_npy/FLIR1112.npy,raw_data_source/RGB_npy/FLIR1112.npy
raw_data_source/RGBT_jpg/FLIR1114.jpg,0.95,5 m,20.0 C,20.0 C,20.0 C,1.0,50.0 %,12144.752,1337.5,1.65,-6137,0.013073633,1.4022262096405,0,-12,0,80,0,60,640,480,raw_data_source/T_npy/FLIR1114.npy,raw_data_source/RGB_npy/FLIR1114.npy
raw_data_source/RGBT_jpg/FLIR1116.jpg,0.95,5 m,20.0 C,20.0 C,20.0 C,1.0,50.0 %,12144.752,1337.5,1.65,-6137,0.013073633,1.4022262096405,0,-12,0,80,0,60,640,480,raw_data_source/T_npy/FLIR1116.npy,raw_data_source/RGB_npy/FLIR1116.npy
raw_data_source/RGBT_jpg/FLIR1118.jpg,0.95,5 m,20.0 C,20.0 C,20.0 C,1.0,50.0 %,12144.752,1337.5,1.65,-6137,0.013073633,1.4022262096405,0,-12,0,80,0,60,640,480,raw_data_source/T_npy/FLIR1118.npy,raw_data_source/RGB_npy/FLIR1118.npy
raw_data_source/RGBT_jpg/FLIR1120.jpg,0.95,5 m,20.0 C,20.0 C,20.0 C,1.0,50.0 %,12144.752,1337.5,1.65,-6137,0.013073633,1.4022262096405,0,-12,0,80,0,60,640,480,raw_data_source/T_npy/FLIR1120.npy,raw_data_source/RGB_npy/FLIR1120.npy
raw_data_source/RGBT_jpg/FLIR1122.jpg,0.95,5 m,20.0 C,20.0 C,20.0 C,1.0,50.0 %,12144.752,1337.5,1.65,-6137,0.013073633,1.4022262096405,0,-12,0,80,0,60,640,480,raw_data_source/T_npy/FLIR1122.npy,raw_data_source/RGB_npy/FLIR1122.npy
raw_data_source/RGBT_jpg/FLIR1124.jpg,0.95,5 m,20.0 C,20.0 C,20.0 C,1.0,50.0 %,12144.752,1337.5,1.65,-6137,0.013073633,1.4022262096405,0,-12,0,80,0,60,640,480,raw_data_source/T_npy/FLIR1124.npy,raw_data_source/RGB_npy/FLIR1124.npy
raw_data_source/RGBT_jpg/FLIR1126.jpg,0.95,5 m,20.0 C,20.0 C,20.0 C,1.0,50.0 %,12144.752,1337.5,1.65,-6137,0.013073633,1.4022262096405,0,-12,0,80,0,60,640,480,raw_data_source/T_npy/FLIR1126.npy,raw_data_source/RGB_npy/FLIR1126.npy
raw_data_source/RGBT_jpg/FLIR1128.jpg,0.95,5 m,20.0 C,20.0 C,20.0 C,1.0,50.0 %,12144.752,1337.5,1.65,-6137,0.013073633,1.4022262096405,0,-12,0,80,0,60,640,480,raw_data_source/T_npy/FLIR1128.npy,raw_data_source/RGB_npy/FLIR1128.npy
raw_data_source/RGBT_jpg/FLIR1130.jpg,0.95,5 m,20.0 C,20.0 C,20.0 C,1.0,50.0 %,12144.752,1337.5,1.65,-6137,0.013073633,1.4022262096405,0,-12,0,80,0,60,640,480,raw_data_source/T_npy/FLIR1130.npy,raw_data_source/RGB_npy/FLIR1130.npy
raw_data_source/RGBT_jpg/FLIR1132.jpg,0.95,5 m,20.0 C,20.0 C,20.0 C,1.0,50.0 %,12144.752,1337.5,1.65,-6137,0.013073633,1.4022262096405,0,-12,0,80,0,60,640,480,raw_data_source/T_npy/FLIR1132.npy,raw_data_source/RGB_npy/FLIR1132.npy
raw_data_source/RGBT_jpg/FLIR1134.jpg,0.95,5 m,20.0 C,20.0 C,20.0 C,1.0,50.0 %,12144.752,1337.5,1.65,-6137,0.013073633,1.4022262096405,0,-12,0,80,0,60,640,480,raw_data_source/T_npy/FLIR1134.npy,raw_data_source/RGB_npy/FLIR1134.npy
raw_data_source/RGBT_jpg/FLIR1136.jpg,0.95,5 m,20.0 C,20.0 C,20.0 C,1.0,50.0 %,12144.752,1337.5,1.65,-6137,0.013073633,1.4022262096405,0,-12,0,80,0,60,640,480,raw_data_source/T_npy/FLIR1136.npy,raw_data_source/RGB_npy/FLIR1136.npy
raw_data_source/RGBT_jpg/FLIR1138.jpg,0.95,5 m,20.0 C,20.0 C,20.0 C,1.0,50.0 %,12144.752,1337.5,1.65,-6137,0.013073633,1.4022262096405,0,-12,0,80,0,60,640,480,raw_data_source/T_npy/FLIR1138.npy,raw_data_source/RGB_npy/FLIR1138.npy
raw_data_source/RGBT_jpg/FLIR1140.jpg,0.95,5 m,20.0 C,20.0 C,20.0 C,1.0,50.0 %,12144.752,1337.5,1.65,-6137,0.013073633,1.4022262096405,0,-12,0,80,0,60,640,480,raw_data_source/T_npy/FLIR1140.npy,raw_data_source/RGB_npy/FLIR1140.npy
raw_data_source/RGBT_jpg/FLIR1142.jpg,0.95,5 m,20.0 C,20.0 C,20.0 C,1.0,50.0 %,12144.752,1337.5,1.65,-6137,0.013073633,1.4022262096405,0,-12,0,80,0,60,640,480,raw_data_source/T_npy/FLIR1142.npy,raw_data_source/RGB_npy/FLIR1142.npy
raw_data_source/RGBT_jpg/FLIR1144.jpg,0.95,5 m,20.0 C,20.0 C,20.0 C,1.0,50.0 %,12144.752,1337.5,1.65,-6137,0.013073633,1.4022262096405,0,-12,0,80,0,60,640,480,raw_data_source/T_npy/FLIR1144.npy,raw_data_source/RGB_npy/FLIR1144.npy
raw_data_source/RGBT_jpg/FLIR1146.jpg,0.95,5 m,20.0 C,20.0 C,20.0 C,1.0,50.0 %,12144.752,1337.5,1.65,-6137,0.013073633,1.4022262096405,0,-12,0,80,0,60,640,480,raw_data_source/T_npy/FLIR1146.npy,raw_data_source/RGB_npy/FLIR1146.npy
raw_data_source/RGBT_jpg/FLIR1148.jpg,0.95,5 m,20.0 C,20.0 C,20.0 C,1.0,50.0 %,12144.752,1337.5,1.65,-6137,0.013073633,1.4022262096405,0,-12,0,80,0,60,640,480,raw_data_source/T_npy/FLIR1148.npy,raw_data_source/RGB_npy/FLIR1148.npy
raw_data_source/RGBT_jpg/FLIR1150.jpg,0.95,5 m,20.0 C,20.0 C,20.0 C,1.0,50.0 %,12144.752,1337.5,1.65,-6137,0.013073633,1.4022262096405,0,-12,0,80,0,60,640,480,raw_data_source/T_npy/FLIR1150.npy,raw_data_source/RGB_npy/FLIR1150.npy
raw_data_source/RGBT_jpg/FLIR1152.jpg,0.95,5 m,20.0 C,20.0 C,20.0 C,1.0,50.0 %,12144.752,1337.5,1.65,-6137,0.013073633,1.4022262096405,0,-12,0,80,0,60,640,480,raw_data_source/T_npy/FLIR1152.npy,raw_data_source/RGB_npy/FLIR1152.npy
raw_data_source/RGBT_jpg/FLIR1154.jpg,0.95,5 m,20.0 C,20.0 C,20.0 C,1.0,50.0 %,12144.752,1337.5,1.65,-6137,0.013073633,1.4022262096405,0,-12,0,80,0,60,640,480,raw_data_source/T_npy/FLIR1154.npy,raw_data_source/RGB_npy/FLIR1154.npy
raw_data_source/RGBT_jpg/FLIR1156.jpg,0.95,5 m,20.0 C,20.0 C,20.0 C,1.0,50.0 %,12144.752,1337.5,1.65,-6137,0.013073633,1.4022262096405,0,-12,0,80,0,60,640,480,raw_data_source/T_npy/FLIR1156.npy,raw_data_source/RGB_npy/FLIR1156.npy
raw_data_source/RGBT_jpg/FLIR1158.jpg,0.95,5 m,20.0 C,20.0 C,20.0 C,1.0,50.0 %,12144.752,1337.5,1.65,-6137,0.013073633,1.4022262096405,0,-12,0,80,0,60,640,480,raw_data_source/T_npy/FLIR1158.npy,raw_data_source/RGB_npy/FLIR1158.npy
raw_data_source/RGBT_jpg/FLIR1160.jpg,0.95,5 m,20.0 C,20.0 C,20.0 C,1.0,50.0 %,12144.752,1337.5,1.65,-6137,0.013073633,1.4022262096405,0,-12,0,80,0,60,640,480,raw_data_source/T_npy/FLIR1160.npy,raw_data_source/RGB_npy/FLIR1160.npy
raw_data_source/RGBT_jpg/FLIR1162.jpg,0.95,5 m,20.0 C,20.0 C,20.0 C,1.0,50.0 %,12144.752,1337.5,1.65,-6137,0.013073633,1.4022262096405,0,-12,0,80,0,60,640,480,raw_data_source/T_npy/FLIR1162.npy,raw_data_source/RGB_npy/FLIR1162.npy
raw_data_source/RGBT_jpg/FLIR1164.jpg,0.95,5 m,20.0 C,20.0 C,20.0 C,1.0,50.0 %,12144.752,1337.5,1.65,-6137,0.013073633,1.4022262096405,0,-12,0,80,0,60,640,480,raw_data_source/T_npy/FLIR1164.npy,raw_data_source/RGB_npy/FLIR1164.npy
raw_data_source/RGBT_jpg/FLIR1166.jpg,0.95,5 m,20.0 C,20.0 C,20.0 C,1.0,50.0 %,12144.752,1337.5,1.65,-6137,0.013073633,1.4022262096405,0,-12,0,80,0,60,640,480,raw_data_source/T_npy/FLIR1166.npy,raw_data_source/RGB_npy/FLIR1166.npy
raw_data_source/RGBT_jpg/FLIR1168.jpg,0.95,5 m,20.0 C,20.0 C,20.0 C,1.0,50.0 %,12144.752,1337.5,1.65,-6137,0.013073633,1.4022262096405,0,-12,0,80,0,60,640,480,raw_data_source/T_npy/FLIR1168.npy,raw_data_source/RGB_npy/FLIR1168.npy
raw_data_source/RGBT_jpg/FLIR1170.jpg,0.95,5 m,20.0 C,20.0 C,20.0 C,1.0,50.0 %,12144.752,1337.5,1.65,-6137,0.013073633,1.4022262096405,0,-12,0,80,0,60,640,480,raw_data_source/T_npy/FLIR1170.npy,raw_data_source/RGB_npy/FLIR1170.npy
raw_data_source/RGBT_jpg/FLIR1172.jpg,0.95,5 m,20.0 C,20.0 C,20.0 C,1.0,50.0 %,12144.752,1337.5,1.65,-6137,0.013073633,1.4022262096405,0,-12,0,80,0,60,640,480,raw_data_source/T_npy/FLIR1172.npy,raw_data_source/RGB_npy/FLIR1172.npy
raw_data_source/RGBT_jpg/FLIR1174.jpg,0.95,5 m,20.0 C,20.0 C,20.0 C,1.0,50.0 %,12144.752,1337.5,1.65,-6137,0.013073633,1.4022262096405,0,-12,0,80,0,60,640,480,raw_data_source/T_npy/FLIR1174.npy,raw_data_source/RGB_npy/FLIR1174.npy
raw_data_source/RGBT_jpg/FLIR1176.jpg,0.95,5 m,20.0 C,20.0 C,20.0 C,1.0,50.0 %,12144.752,1337.5,1.65,-6137,0.013073633,1.4022262096405,0,-12,0,80,0,60,640,480,raw_data_source/T_npy/FLIR1176.npy,raw_data_source/RGB_npy/FLIR1176.npy
raw_data_source/RGBT_jpg/FLIR1178.jpg,0.95,5 m,20.0 C,20.0 C,20.0 C,1.0,50.0 %,12144.752,1337.5,1.65,-6137,0.013073633,1.4022262096405,0,-12,0,80,0,60,640,480,raw_data_source/T_npy/FLIR1178.npy,raw_data_source/RGB_npy/FLIR1178.npy
raw_data_source/RGBT_jpg/FLIR1180.jpg,0.95,5 m,20.0 C,20.0 C,20.0 C,1.0,50.0 %,12144.752,1337.5,1.65,-6137,0.013073633,1.4022262096405,0,-12,0,80,0,60,640,480,raw_data_source/T_npy/FLIR1180.npy,raw_data_source/RGB_npy/FLIR1180.npy
raw_data_source/RGBT_jpg/FLIR1182.jpg,0.95,5 m,20.0 C,20.0 C,20.0 C,1.0,50.0 %,12144.752,1337.5,1.65,-6137,0.013073633,1.4022262096405,0,-12,0,80,0,60,640,480,raw_data_source/T_npy/FLIR1182.npy,raw_data_source/RGB_npy/FLIR1182.npy
raw_data_source/RGBT_jpg/FLIR1184.jpg,0.95,5 m,20.0 C,20.0 C,20.0 C,1.0,50.0 %,12144.752,1337.5,1.65,-6137,0.013073633,1.4022262096405,0,-12,0,80,0,60,640,480,raw_data_source/T_npy/FLIR1184.npy,raw_data_source/RGB_npy/FLIR1184.npy
raw_data_source/RGBT_jpg/FLIR1186.jpg,0.95,5 m,20.0 C,20.0 C,20.0 C,1.0,50.0 %,12144.752,1337.5,1.65,-6137,0.013073633,1.4022262096405,0,-12,0,80,0,60,640,480,raw_data_source/T_npy/FLIR1186.npy,raw_data_source/RGB_npy/FLIR1186.npy
raw_data_source/RGBT_jpg/FLIR1188.jpg,0.95,5 m,20.0 C,20.0 C,20.0 C,1.0,50.0 %,12144.752,1337.5,1.65,-6137,0.013073633,1.4022262096405,0,-12,0,80,0,60,640,480,raw_data_source/T_npy/FLIR1188.npy,raw_data_source/RGB_npy/FLIR1188.npy
raw_data_source/RGBT_jpg/FLIR1190.jpg,0.95,5 m,20.0 C,20.0 C,20.0 C,1.0,50.0 %,12144.752,1337.5,1.65,-6137,0.013073633,1.4022262096405,0,-12,0,80,0,60,640,480,raw_data_source/T_npy/FLIR1190.npy,raw_data_source/RGB_npy/FLIR1190.npy
raw_data_source/RGBT_jpg/FLIR1192.jpg,0.95,5 m,20.0 C,20.0 C,20.0 C,1.0,50.0 %,12144.752,1337.5,1.65,-6137,0.013073633,1.4022262096405,0,-12,0,80,0,60,640,480,raw_data_source/T_npy/FLIR1192.npy,raw_data_source/RGB_npy/FLIR1192.npy
raw_data_source/RGBT_jpg/FLIR1194.jpg,0.95,5 m,20.0 C,20.0 C,20.0 C,1.0,50.0 %,12144.752,1337.5,1.65,-6137,0.013073633,1.4022262096405,0,-12,0,80,0,60,640,480,raw_data_source/T_npy/FLIR1194.npy,raw_data_source/RGB_npy/FLIR1194.npy
raw_data_source/RGBT_jpg/FLIR1196.jpg,0.95,5 m,20.0 C,20.0 C,20.0 C,1.0,50.0 %,12144.752,1337.5,1.65,-6137,0.013073633,1.4022262096405,0,-12,0,80,0,60,640,480,raw_data_source/T_npy/FLIR1196.npy,raw_data_source/RGB_npy/FLIR1196.npy
raw_data_source/RGBT_jpg/FLIR1198.jpg,0.95,5 m,20.0 C,20.0 C,20.0 C,1.0,50.0 %,12144.752,1337.5,1.65,-6137,0.013073633,1.4022262096405,0,-12,0,80,0,60,640,480,raw_data_source/T_npy/FLIR1198.npy,raw_data_source/RGB_npy/FLIR1198.npy
raw_data_source/RGBT_jpg/FLIR1200.jpg,0.95,5 m,20.0 C,20.0 C,20.0 C,1.0,50.0 %,12144.752,1337.5,1.65,-6137,0.013073633,1.4022262096405,0,-12,0,80,0,60,640,480,raw_data_source/T_npy/FLIR1200.npy,raw_data_source/RGB_npy/FLIR1200.npy
raw_data_source/RGBT_jpg/FLIR1202.jpg,0.95,5 m,20.0 C,20.0 C,20.0 C,1.0,50.0 %,12144.752,1337.5,1.65,-6137,0.013073633,1.4022262096405,0,-12,0,80,0,60,640,480,raw_data_source/T_npy/FLIR1202.npy,raw_data_source/RGB_npy/FLIR1202.npy
raw_data_source/RGBT_jpg/FLIR1204.jpg,0.95,5 m,20.0 C,20.0 C,20.0 C,1.0,50.0 %,12144.752,1337.5,1.65,-6137,0.013073633,1.4022262096405,0,-12,0,80,0,60,640,480,raw_data_source/T_npy/FLIR1204.npy,raw_data_source/RGB_npy/FLIR1204.npy
raw_data_source/RGBT_jpg/FLIR1206.jpg,0.95,5 m,20.0 C,20.0 C,20.0 C,1.0,50.0 %,12144.752,1337.5,1.65,-6137,0.013073633,1.4022262096405,0,-12,0,80,0,60,640,480,raw_data_source/T_npy/FLIR1206.npy,raw_data_source/RGB_npy/FLIR1206.npy
raw_data_source/RGBT_jpg/FLIR1208.jpg,0.95,5 m,20.0 C,20.0 C,20.0 C,1.0,50.0 %,12144.752,1337.5,1.65,-6137,0.013073633,1.4022262096405,0,-12,0,80,0,60,640,480,raw_data_source/T_npy/FLIR1208.npy,raw_data_source/RGB_npy/FLIR1208.npy
raw_data_source/RGBT_jpg/FLIR1210.jpg,0.95,5 m,20.0 C,20.0 C,20.0 C,1.0,50.0 %,12144.752,1337.5,1.65,-6137,0.013073633,1.4022262096405,0,-12,0,80,0,60,640,480,raw_data_source/T_npy/FLIR1210.npy,raw_data_source/RGB_npy/FLIR1210.npy
raw_data_source/RGBT_jpg/FLIR1212.jpg,0.95,5 m,20.0 C,20.0 C,20.0 C,1.0,50.0 %,12144.752,1337.5,1.65,-6137,0.013073633,1.4022262096405,0,-12,0,80,0,60,640,480,raw_data_source/T_npy/FLIR1212.npy,raw_data_source/RGB_npy/FLIR1212.npy
raw_data_source/RGBT_jpg/FLIR1214.jpg,0.95,5 m,20.0 C,20.0 C,20.0 C,1.0,50.0 %,12144.752,1337.5,1.65,-6137,0.013073633,1.4022262096405,0,-12,0,80,0,60,640,480,raw_data_source/T_npy/FLIR1214.npy,raw_data_source/RGB_npy/FLIR1214.npy
raw_data_source/RGBT_jpg/FLIR1216.jpg,0.95,5 m,20.0 C,20.0 C,20.0 C,1.0,50.0 %,12144.752,1337.5,1.65,-6137,0.013073633,1.4022262096405,0,-12,0,80,0,60,640,480,raw_data_source/T_npy/FLIR1216.npy,raw_data_source/RGB_npy/FLIR1216.npy
raw_data_source/RGBT_jpg/FLIR1218.jpg,0.95,5 m,20.0 C,20.0 C,20.0 C,1.0,50.0 %,12144.752,1337.5,1.65,-6137,0.013073633,1.4022262096405,0,-12,0,80,0,60,640,480,raw_data_source/T_npy/FLIR1218.npy,raw_data_source/RGB_npy/FLIR1218.npy
raw_data_source/RGBT_jpg/FLIR1220.jpg,0.95,5 m,20.0 C,20.0 C,20.0 C,1.0,50.0 %,12144.752,1337.5,1.65,-6137,0.013073633,1.4022262096405,0,-12,0,80,0,60,640,480,raw_data_source/T_npy/FLIR1220.npy,raw_data_source/RGB_npy/FLIR1220.npy
raw_data_source/RGBT_jpg/FLIR1222.jpg,0.95,5 m,20.0 C,20.0 C,20.0 C,1.0,50.0 %,12144.752,1337.5,1.65,-6137,0.013073633,1.4022262096405,0,-12,0,80,0,60,640,480,raw_data_source/T_npy/FLIR1222.npy,raw_data_source/RGB_npy/FLIR1222.npy
raw_data_source/RGBT_jpg/FLIR1224.jpg,0.95,5 m,20.0 C,20.0 C,20.0 C,1.0,50.0 %,12144.752,1337.5,1.65,-6137,0.013073633,1.4022262096405,0,-12,0,80,0,60,640,480,raw_data_source/T_npy/FLIR1224.npy,raw_data_source/RGB_npy/FLIR1224.npy
raw_data_source/RGBT_jpg/FLIR1226.jpg,0.95,5 m,20.0 C,20.0 C,20.0 C,1.0,50.0 %,12144.752,1337.5,1.65,-6137,0.013073633,1.4022262096405,0,-12,0,80,0,60,640,480,raw_data_source/T_npy/FLIR1226.npy,raw_data_source/RGB_npy/FLIR1226.npy
raw_data_source/RGBT_jpg/FLIR1228.jpg,0.95,5 m,20.0 C,20.0 C,20.0 C,1.0,50.0 %,12144.752,1337.5,1.65,-6137,0.013073633,1.4022262096405,0,-12,0,80,0,60,640,480,raw_data_source/T_npy/FLIR1228.npy,raw_data_source/RGB_npy/FLIR1228.npy
raw_data_source/RGBT_jpg/FLIR1230.jpg,0.95,5 m,20.0 C,20.0 C,20.0 C,1.0,50.0 %,12144.752,1337.5,1.65,-6137,0.013073633,1.4022262096405,0,-12,0,80,0,60,640,480,raw_data_source/T_npy/FLIR1230.npy,raw_data_source/RGB_npy/FLIR1230.npy
raw_data_source/RGBT_jpg/FLIR1232.jpg,0.95,5 m,20.0 C,20.0 C,20.0 C,1.0,50.0 %,12144.752,1337.5,1.65,-6137,0.013073633,1.4022262096405,0,-12,0,80,0,60,640,480,raw_data_source/T_npy/FLIR1232.npy,raw_data_source/RGB_npy/FLIR1232.npy
raw_data_source/RGBT_jpg/FLIR1234.jpg,0.95,5 m,20.0 C,20.0 C,20.0 C,1.0,50.0 %,12144.752,1337.5,1.65,-6137,0.013073633,1.4022262096405,0,-12,0,80,0,60,640,480,raw_data_source/T_npy/FLIR1234.npy,raw_data_source/RGB_npy/FLIR1234.npy
raw_data_source/RGBT_jpg/FLIR1236.jpg,0.95,5 m,20.0 C,20.0 C,20.0 C,1.0,50.0 %,12144.752,1337.5,1.65,-6137,0.013073633,1.4022262096405,0,-12,0,80,0,60,640,480,raw_data_source/T_npy/FLIR1236.npy,raw_data_source/RGB_npy/FLIR1236.npy
raw_data_source/RGBT_jpg/FLIR1238.jpg,0.95,5 m,20.0 C,20.0 C,20.0 C,1.0,50.0 %,12144.752,1337.5,1.65,-6137,0.013073633,1.4022262096405,0,-12,0,80,0,60,640,480,raw_data_source/T_npy/FLIR1238.npy,raw_data_source/RGB_npy/FLIR1238.npy
raw_data_source/RGBT_jpg/FLIR1240.jpg,0.95,5 m,20.0 C,20.0 C,20.0 C,1.0,50.0 %,12144.752,1337.5,1.65,-6137,0.013073633,1.4022262096405,0,-12,0,80,0,60,640,480,raw_data_source/T_npy/FLIR1240.npy,raw_data_source/RGB_npy/FLIR1240.npy
raw_data_source/RGBT_jpg/FLIR1242.jpg,0.95,5 m,20.0 C,20.0 C,20.0 C,1.0,50.0 %,12144.752,1337.5,1.65,-6137,0.013073633,1.4022262096405,0,-12,0,80,0,60,640,480,raw_data_source/T_npy/FLIR1242.npy,raw_data_source/RGB_npy/FLIR1242.npy
raw_data_source/RGBT_jpg/FLIR1244.jpg,0.95,5 m,20.0 C,20.0 C,20.0 C,1.0,50.0 %,12144.752,1337.5,1.65,-6137,0.013073633,1.4022262096405,0,-12,0,80,0,60,640,480,raw_data_source/T_npy/FLIR1244.npy,raw_data_source/RGB_npy/FLIR1244.npy
raw_data_source/RGBT_jpg/FLIR1246.jpg,0.95,5 m,20.0 C,20.0 C,20.0 C,1.0,50.0 %,12144.752,1337.5,1.65,-6137,0.013073633,1.4022262096405,0,-12,0,80,0,60,640,480,raw_data_source/T_npy/FLIR1246.npy,raw_data_source/RGB_npy/FLIR1246.npy
raw_data_source/RGBT_jpg/FLIR1248.jpg,0.95,5 m,20.0 C,20.0 C,20.0 C,1.0,50.0 %,12144.752,1337.5,1.65,-6137,0.013073633,1.4022262096405,0,-12,0,80,0,60,640,480,raw_data_source/T_npy/FLIR1248.npy,raw_data_source/RGB_npy/FLIR1248.npy
raw_data_source/RGBT_jpg/FLIR1250.jpg,0.95,5 m,20.0 C,20.0 C,20.0 C,1.0,50.0 %,12144.752,1337.5,1.65,-6137,0.013073633,1.4022262096405,0,-12,0,80,0,60,640,480,raw_data_source/T_npy/FLIR1250.npy,raw_data_source/RGB_npy/FLIR1250.npy
raw_data_source/RGBT_jpg/FLIR1252.jpg,0.95,5 m,20.0 C,20.0 C,20.0 C,1.0,50.0 %,12144.752,1337.5,1.65,-6137,0.013073633,1.4022262096405,0,-12,0,80,0,60,640,480,raw_data_source/T_npy/FLIR1252.npy,raw_data_source/RGB_npy/FLIR1252.npy
raw_data_source/RGBT_jpg/FLIR1254.jpg,0.95,5 m,20.0 C,20.0 C,20.0 C,1.0,50.0 %,12144.752,1337.5,1.65,-6137,0.013073633,1.4022262096405,0,-12,0,80,0,60,640,480,raw_data_source/T_npy/FLIR1254.npy,raw_data_source/RGB_npy/FLIR1254.npy
raw_data_source/RGBT_jpg/FLIR1256.jpg,0.95,5 m,20.0 C,20.0 C,20.0 C,1.0,50.0 %,12144.752,1337.5,1.65,-6137,0.013073633,1.4022262096405,0,-12,0,80,0,60,640,480,raw_data_source/T_npy/FLIR1256.npy,raw_data_source/RGB_npy/FLIR1256.npy
raw_data_source/RGBT_jpg/FLIR1258.jpg,0.95,5 m,20.0 C,20.0 C,20.0 C,1.0,50.0 %,12144.752,1337.5,1.65,-6137,0.013073633,1.4022262096405,0,-12,0,80,0,60,640,480,raw_data_source/T_npy/FLIR1258.npy,raw_data_source/RGB_npy/FLIR1258.npy
raw_data_source/RGBT_jpg/FLIR1260.jpg,0.95,5 m,20.0 C,20.0 C,20.0 C,1.0,50.0 %,12144.752,1337.5,1.65,-6137,0.013073633,1.4022262096405,0,-12,0,80,0,60,640,480,raw_data_source/T_npy/FLIR1260.npy,raw_data_source/RGB_npy/FLIR1260.npy
raw_data_source/RGBT_jpg/FLIR1262.jpg,0.95,5 m,20.0 C,20.0 C,20.0 C,1.0,50.0 %,12144.752,1337.5,1.65,-6137,0.013073633,1.4022262096405,0,-12,0,80,0,60,640,480,raw_data_source/T_npy/FLIR1262.npy,raw_data_source/RGB_npy/FLIR1262.npy
raw_data_source/RGBT_jpg/FLIR1264.jpg,0.95,5 m,20.0 C,20.0 C,20.0 C,1.0,50.0 %,12144.752,1337.5,1.65,-6137,0.013073633,1.4022262096405,0,-12,0,80,0,60,640,480,raw_data_source/T_npy/FLIR1264.npy,raw_data_source/RGB_npy/FLIR1264.npy
raw_data_source/RGBT_jpg/FLIR1266.jpg,0.95,5 m,20.0 C,20.0 C,20.0 C,1.0,50.0 %,12144.752,1337.5,1.65,-6137,0.013073633,1.4022262096405,0,-12,0,80,0,60,640,480,raw_data_source/T_npy/FLIR1266.npy,raw_data_source/RGB_npy/FLIR1266.npy
raw_data_source/RGBT_jpg/FLIR1268.jpg,0.95,5 m,20.0 C,20.0 C,20.0 C,1.0,50.0 %,12144.752,1337.5,1.65,-6137,0.013073633,1.4022262096405,0,-12,0,80,0,60,640,480,raw_data_source/T_npy/FLIR1268.npy,raw_data_source/RGB_npy/FLIR1268.npy
raw_data_source/RGBT_jpg/FLIR1270.jpg,0.95,5 m,20.0 C,20.0 C,20.0 C,1.0,50.0 %,12144.752,1337.5,1.65,-6137,0.013073633,1.4022262096405,0,-12,0,80,0,60,640,480,raw_data_source/T_npy/FLIR1270.npy,raw_data_source/RGB_npy/FLIR1270.npy
raw_data_source/RGBT_jpg/FLIR1272.jpg,0.95,5 m,20.0 C,20.0 C,20.0 C,1.0,50.0 %,12144.752,1337.5,1.65,-6137,0.013073633,1.4022262096405,0,-12,0,319,0,239,640,480,raw_data_source/T_npy/FLIR1272.npy,raw_data_source/RGB_npy/FLIR1272.npy
raw_data_source/RGBT_jpg/FLIR1274.jpg,0.95,5 m,20.0 C,20.0 C,20.0 C,1.0,50.0 %,12144.752,1337.5,1.65,-6137,0.013073633,1.4022262096405,0,-12,0,80,0,60,640,480,raw_data_source/T_npy/FLIR1274.npy,raw_data_source/RGB_npy/FLIR1274.npy
raw_data_source/RGBT_jpg/FLIR1276.jpg,0.95,5 m,20.0 C,20.0 C,20.0 C,1.0,50.0 %,12144.752,1337.5,1.65,-6137,0.013073633,1.4022262096405,0,-12,0,80,0,60,640,480,raw_data_source/T_npy/FLIR1276.npy,raw_data_source/RGB_npy/FLIR1276.npy
raw_data_source/RGBT_jpg/FLIR1278.jpg,0.95,5 m,20.0 C,20.0 C,20.0 C,1.0,50.0 %,12144.752,1337.5,1.65,-6137,0.013073633,1.4022262096405,0,-12,0,80,0,60,640,480,raw_data_source/T_npy/FLIR1278.npy,raw_data_source/RGB_npy/FLIR1278.npy
raw_data_source/RGBT_jpg/FLIR1280.jpg,0.95,5 m,20.0 C,20.0 C,20.0 C,1.0,50.0 %,12144.752,1337.5,1.65,-6137,0.013073633,1.4022262096405,0,-12,0,80,0,60,640,480,raw_data_source/T_npy/FLIR1280.npy,raw_data_source/RGB_npy/FLIR1280.npy
raw_data_source/RGBT_jpg/FLIR1282.jpg,0.95,5 m,20.0 C,20.0 C,20.0 C,1.0,50.0 %,12144.752,1337.5,1.65,-6137,0.013073633,1.4022262096405,0,-12,0,80,0,60,640,480,raw_data_source/T_npy/FLIR1282.npy,raw_data_source/RGB_npy/FLIR1282.npy
raw_data_source/RGBT_jpg/FLIR1284.jpg,0.95,5 m,20.0 C,20.0 C,20.0 C,1.0,50.0 %,12144.752,1337.5,1.65,-6137,0.013073633,1.4022262096405,0,-12,0,80,0,60,640,480,raw_data_source/T_npy/FLIR1284.npy,raw_data_source/RGB_npy/FLIR1284.npy
raw_data_source/RGBT_jpg/FLIR1286.jpg,0.95,5 m,20.0 C,20.0 C,20.0 C,1.0,50.0 %,12144.752,1337.5,1.65,-6137,0.013073633,1.4022262096405,0,-12,0,80,0,60,640,480,raw_data_source/T_npy/FLIR1286.npy,raw_data_source/RGB_npy/FLIR1286.npy
raw_data_source/RGBT_jpg/FLIR1338.jpg,0.95,5 m,20.0 C,20.0 C,20.0 C,1.0,50.0 %,12144.752,1337.5,1.65,-6137,0.013073633,1.4022262096405,0,-12,0,80,0,60,640,480,raw_data_source/T_npy/FLIR1338.npy,raw_data_source/RGB_npy/FLIR1338.npy
raw_data_source/RGBT_jpg/FLIR1340.jpg,0.95,5 m,20.0 C,20.0 C,20.0 C,1.0,50.0 %,12144.752,1337.5,1.65,-6137,0.013073633,1.4022262096405,0,-12,0,80,0,60,640,480,raw_data_source/T_npy/FLIR1340.npy,raw_data_source/RGB_npy/FLIR1340.npy
raw_data_source/RGBT_jpg/FLIR1342.jpg,0.95,5 m,20.0 C,20.0 C,20.0 C,1.0,50.0 %,12144.752,1337.5,1.65,-6137,0.013073633,1.4022262096405,0,-12,0,80,0,60,640,480,raw_data_source/T_npy/FLIR1342.npy,raw_data_source/RGB_npy/FLIR1342.npy
raw_data_source/RGBT_jpg/FLIR1344.jpg,0.95,5 m,20.0 C,20.0 C,20.0 C,1.0,50.0 %,12144.752,1337.5,1.65,-6137,0.013073633,1.4022262096405,0,-12,0,80,0,60,640,480,raw_data_source/T_npy/FLIR1344.npy,raw_data_source/RGB_npy/FLIR1344.npy
raw_data_source/RGBT_jpg/FLIR1346.jpg,0.95,5 m,20.0 C,20.0 C,20.0 C,1.0,50.0 %,12144.752,1337.5,1.65,-6137,0.013073633,1.4022262096405,0,-12,0,80,0,60,640,480,raw_data_source/T_npy/FLIR1346.npy,raw_data_source/RGB_npy/FLIR1346.npy
raw_data_source/RGBT_jpg/FLIR1348.jpg,0.95,5 m,20.0 C,20.0 C,20.0 C,1.0,50.0 %,12144.752,1337.5,1.65,-6137,0.013073633,1.4022262096405,0,-12,0,80,0,60,640,480,raw_data_source/T_npy/FLIR1348.npy,raw_data_source/RGB_npy/FLIR1348.npy
raw_data_source/RGBT_jpg/FLIR1350.jpg,0.95,5 m,20.0 C,20.0 C,20.0 C,1.0,50.0 %,12144.752,1337.5,1.65,-6137,0.013073633,1.4022262096405,0,-12,0,80,0,60,640,480,raw_data_source/T_npy/FLIR1350.npy,raw_data_source/RGB_npy/FLIR1350.npy
raw_data_source/RGBT_jpg/FLIR1352.jpg,0.95,5 m,20.0 C,20.0 C,20.0 C,1.0,50.0 %,12144.752,1337.5,1.65,-6137,0.013073633,1.4022262096405,0,-12,0,80,0,60,640,480,raw_data_source/T_npy/FLIR1352.npy,raw_data_source/RGB_npy/FLIR1352.npy
raw_data_source/RGBT_jpg/FLIR1354.jpg,0.95,5 m,20.0 C,20.0 C,20.0 C,1.0,50.0 %,12144.752,1337.5,1.65,-6137,0.013073633,1.4022262096405,0,-12,0,80,0,60,640,480,raw_data_source/T_npy/FLIR1354.npy,raw_data_source/RGB_npy/FLIR1354.npy
raw_data_source/RGBT_jpg/FLIR1373.jpg,0.95,5 m,20.0 C,20.0 C,20.0 C,1.0,50.0 %,12144.752,1337.5,1.65,-6137,0.013073633,1.4022262096405,0,-12,0,80,0,60,640,480,raw_data_source/T_npy/FLIR1373.npy,raw_data_source/RGB_npy/FLIR1373.npy
raw_data_source/RGBT_jpg/FLIR1375.jpg,0.95,5 m,20.0 C,20.0 C,20.0 C,1.0,50.0 %,12144.752,1337.5,1.65,-6137,0.013073633,1.4022262096405,0,-12,0,80,0,60,640,480,raw_data_source/T_npy/FLIR1375.npy,raw_data_source/RGB_npy/FLIR1375.npy
raw_data_source/RGBT_jpg/FLIR1377.jpg,0.95,5 m,20.0 C,20.0 C,20.0 C,1.0,50.0 %,12144.752,1337.5,1.65,-6137,0.013073633,1.4022262096405,0,-12,0,80,0,60,640,480,raw_data_source/T_npy/FLIR1377.npy,raw_data_source/RGB_npy/FLIR1377.npy
raw_data_source/RGBT_jpg/FLIR1379.jpg,0.95,5 m,20.0 C,20.0 C,20.0 C,1.0,50.0 %,12144.752,1337.5,1.65,-6137,0.013073633,1.4022262096405,0,-12,0,80,0,60,640,480,raw_data_source/T_npy/FLIR1379.npy,raw_data_source/RGB_npy/FLIR1379.npy
raw_data_source/RGBT_jpg/FLIR1381.jpg,0.95,5 m,20.0 C,20.0 C,20.0 C,1.0,50.0 %,12144.752,1337.5,1.65,-6137,0.013073633,1.4022262096405,0,-12,0,80,0,60,640,480,raw_data_source/T_npy/FLIR1381.npy,raw_data_source/RGB_npy/FLIR1381.npy
raw_data_source/RGBT_jpg/FLIR1383.jpg,0.95,5 m,20.0 C,20.0 C,20.0 C,1.0,50.0 %,12144.752,1337.5,1.65,-6137,0.013073633,1.4022262096405,0,-12,0,80,0,60,640,480,raw_data_source/T_npy/FLIR1383.npy,raw_data_source/RGB_npy/FLIR1383.npy
raw_data_source/RGBT_jpg/FLIR1385.jpg,0.95,5 m,20.0 C,20.0 C,20.0 C,1.0,50.0 %,12144.752,1337.5,1.65,-6137,0.013073633,1.4022262096405,0,-12,0,80,0,60,640,480,raw_data_source/T_npy/FLIR1385.npy,raw_data_source/RGB_npy/FLIR1385.npy
raw_data_source/RGBT_jpg/FLIR1387.jpg,0.95,5 m,20.0 C,20.0 C,20.0 C,1.0,50.0 %,12144.752,1337.5,1.65,-6137,0.013073633,1.4022262096405,0,-12,0,80,0,60,640,480,raw_data_source/T_npy/FLIR1387.npy,raw_data_source/RGB_npy/FLIR1387.npy
raw_data_source/RGBT_jpg/FLIR1389.jpg,0.95,5 m,20.0 C,20.0 C,20.0 C,1.0,50.0 %,12144.752,1337.5,1.65,-6137,0.013073633,1.4022262096405,0,-12,0,80,0,60,640,480,raw_data_source/T_npy/FLIR1389.npy,raw_data_source/RGB_npy/FLIR1389.npy
raw_data_source/RGBT_jpg/FLIR1391.jpg,0.95,5 m,20.0 C,20.0 C,20.0 C,1.0,50.0 %,12144.752,1337.5,1.65,-6137,0.013073633,1.4022262096405,0,-12,0,80,0,60,640,480,raw_data_source/T_npy/FLIR1391.npy,raw_data_source/RGB_npy/FLIR1391.npy
raw_data_source/RGBT_jpg/FLIR1393.jpg,0.95,5 m,20.0 C,20.0 C,20.0 C,1.0,50.0 %,12144.752,1337.5,1.65,-6137,0.013073633,1.4022262096405,0,-12,0,80,0,60,640,480,raw_data_source/T_npy/FLIR1393.npy,raw_data_source/RGB_npy/FLIR1393.npy
raw_data_source/RGBT_jpg/FLIR1395.jpg,0.95,5 m,20.0 C,20.0 C,20.0 C,1.0,50.0 %,12144.752,1337.5,1.65,-6137,0.013073633,1.4022262096405,0,-12,0,80,0,60,640,480,raw_data_source/T_npy/FLIR1395.npy,raw_data_source/RGB_npy/FLIR1395.npy
raw_data_source/RGBT_jpg/FLIR1397.jpg,0.95,5 m,20.0 C,20.0 C,20.0 C,1.0,50.0 %,12144.752,1337.5,1.65,-6137,0.013073633,1.4022262096405,0,-12,0,80,0,60,640,480,raw_data_source/T_npy/FLIR1397.npy,raw_data_source/RGB_npy/FLIR1397.npy
raw_data_source/RGBT_jpg/FLIR1399.jpg,0.95,5 m,20.0 C,20.0 C,20.0 C,1.0,50.0 %,12144.752,1337.5,1.65,-6137,0.013073633,1.4022262096405,0,-12,0,80,0,60,640,480,raw_data_source/T_npy/FLIR1399.npy,raw_data_source/RGB_npy/FLIR1399.npy
raw_data_source/RGBT_jpg/FLIR1401.jpg,0.95,5 m,20.0 C,20.0 C,20.0 C,1.0,50.0 %,12144.752,1337.5,1.65,-6137,0.013073633,1.4022262096405,0,-12,0,80,0,60,640,480,raw_data_source/T_npy/FLIR1401.npy,raw_data_source/RGB_npy/FLIR1401.npy
raw_data_source/RGBT_jpg/FLIR1403.jpg,0.95,5 m,20.0 C,20.0 C,20.0 C,1.0,50.0 %,12144.752,1337.5,1.65,-6137,0.013073633,1.4022262096405,0,-12,0,80,0,60,640,480,raw_data_source/T_npy/FLIR1403.npy,raw_data_source/RGB_npy/FLIR1403.npy
raw_data_source/RGBT_jpg/FLIR1405.jpg,0.95,5 m,20.0 C,20.0 C,20.0 C,1.0,50.0 %,12144.752,1337.5,1.65,-6137,0.013073633,1.4022262096405,0,-12,0,80,0,60,640,480,raw_data_source/T_npy/FLIR1405.npy,raw_data_source/RGB_npy/FLIR1405.npy
raw_data_source/RGBT_jpg/FLIR1407.jpg,0.95,5 m,20.0 C,20.0 C,20.0 C,1.0,50.0 %,12144.752,1337.5,1.65,-6137,0.013073633,1.4022262096405,0,-12,0,80,0,60,640,480,raw_data_source/T_npy/FLIR1407.npy,raw_data_source/RGB_npy/FLIR1407.npy
raw_data_source/RGBT_jpg/FLIR1409.jpg,0.95,5 m,20.0 C,20.0 C,20.0 C,1.0,50.0 %,12144.752,1337.5,1.65,-6137,0.013073633,1.4022262096405,0,-12,0,80,0,60,640,480,raw_data_source/T_npy/FLIR1409.npy,raw_data_source/RGB_npy/FLIR1409.npy
raw_data_source/RGBT_jpg/FLIR1411.jpg,0.95,5 m,20.0 C,20.0 C,20.0 C,1.0,50.0 %,12144.752,1337.5,1.65,-6137,0.013073633,1.4022262096405,0,-12,0,80,0,60,640,480,raw_data_source/T_npy/FLIR1411.npy,raw_data_source/RGB_npy/FLIR1411.npy
raw_data_source/RGBT_jpg/FLIR1413.jpg,0.95,5 m,20.0 C,20.0 C,20.0 C,1.0,50.0 %,12144.752,1337.5,1.65,-6137,0.013073633,1.4022262096405,0,-12,0,80,0,60,640,480,raw_data_source/T_npy/FLIR1413.npy,raw_data_source/RGB_npy/FLIR1413.npy
raw_data_source/RGBT_jpg/FLIR1415.jpg,0.95,5 m,20.0 C,20.0 C,20.0 C,1.0,50.0 %,12144.752,1337.5,1.65,-6137,0.013073633,1.4022262096405,0,-12,0,80,0,60,640,480,raw_data_source/T_npy/FLIR1415.npy,raw_data_source/RGB_npy/FLIR1415.npy
raw_data_source/RGBT_jpg/FLIR1417.jpg,0.95,5 m,20.0 C,20.0 C,20.0 C,1.0,50.0 %,12144.752,1337.5,1.65,-6137,0.013073633,1.4022262096405,0,-12,0,80,0,60,640,480,raw_data_source/T_npy/FLIR1417.npy,raw_data_source/RGB_npy/FLIR1417.npy
raw_data_source/RGBT_jpg/FLIR1419.jpg,0.95,5 m,20.0 C,20.0 C,20.0 C,1.0,50.0 %,12144.752,1337.5,1.65,-6137,0.013073633,1.4022262096405,0,-12,0,80,0,60,640,480,raw_data_source/T_npy/FLIR1419.npy,raw_data_source/RGB_npy/FLIR1419.npy
raw_data_source/RGBT_jpg/FLIR1421.jpg,0.95,5 m,20.0 C,20.0 C,20.0 C,1.0,50.0 %,12144.752,1337.5,1.65,-6137,0.013073633,1.4022262096405,0,-12,0,80,0,60,640,480,raw_data_source/T_npy/FLIR1421.npy,raw_data_source/RGB_npy/FLIR1421.npy
raw_data_source/RGBT_jpg/FLIR1423.jpg,0.95,5 m,20.0 C,20.0 C,20.0 C,1.0,50.0 %,12144.752,1337.5,1.65,-6137,0.013073633,1.4022262096405,0,-12,0,80,0,60,640,480,raw_data_source/T_npy/FLIR1423.npy,raw_data_source/RGB_npy/FLIR1423.npy
raw_data_source/RGBT_jpg/FLIR1425.jpg,0.95,5 m,20.0 C,20.0 C,20.0 C,1.0,50.0 %,12144.752,1337.5,1.65,-6137,0.013073633,1.4022262096405,0,-12,0,80,0,60,640,480,raw_data_source/T_npy/FLIR1425.npy,raw_data_source/RGB_npy/FLIR1425.npy
raw_data_source/RGBT_jpg/FLIR1427.jpg,0.95,5 m,20.0 C,20.0 C,20.0 C,1.0,50.0 %,12144.752,1337.5,1.65,-6137,0.013073633,1.4022262096405,0,-12,0,80,0,60,640,480,raw_data_source/T_npy/FLIR1427.npy,raw_data_source/RGB_npy/FLIR1427.npy
raw_data_source/RGBT_jpg/FLIR1429.jpg,0.95,5 m,20.0 C,20.0 C,20.0 C,1.0,50.0 %,12144.752,1337.5,1.65,-6137,0.013073633,1.4022262096405,0,-12,0,80,0,60,640,480,raw_data_source/T_npy/FLIR1429.npy,raw_data_source/RGB_npy/FLIR1429.npy
raw_data_source/RGBT_jpg/FLIR1431.jpg,0.95,5 m,20.0 C,20.0 C,20.0 C,1.0,50.0 %,12144.752,1337.5,1.65,-6137,0.013073633,1.4022262096405,0,-12,0,80,0,60,640,480,raw_data_source/T_npy/FLIR1431.npy,raw_data_source/RGB_npy/FLIR1431.npy
raw_data_source/RGBT_jpg/FLIR1433.jpg,0.95,5 m,20.0 C,20.0 C,20.0 C,1.0,50.0 %,12144.752,1337.5,1.65,-6137,0.013073633,1.4022262096405,0,-12,0,80,0,60,640,480,raw_data_source/T_npy/FLIR1433.npy,raw_data_source/RGB_npy/FLIR1433.npy
raw_data_source/RGBT_jpg/FLIR1435.jpg,0.95,5 m,20.0 C,20.0 C,20.0 C,1.0,50.0 %,12144.752,1337.5,1.65,-6137,0.013073633,1.4022262096405,0,-12,0,80,0,60,640,480,raw_data_source/T_npy/FLIR1435.npy,raw_data_source/RGB_npy/FLIR1435.npy
raw_data_source/RGBT_jpg/FLIR1437.jpg,0.95,5 m,20.0 C,20.0 C,20.0 C,1.0,50.0 %,12144.752,1337.5,1.65,-6137,0.013073633,1.4022262096405,0,-12,0,80,0,60,640,480,raw_data_source/T_npy/FLIR1437.npy,raw_data_source/RGB_npy/FLIR1437.npy
raw_data_source/RGBT_jpg/FLIR1439.jpg,0.95,5 m,20.0 C,20.0 C,20.0 C,1.0,50.0 %,12144.752,1337.5,1.65,-6137,0.013073633,1.4022262096405,0,-12,0,80,0,60,640,480,raw_data_source/T_npy/FLIR1439.npy,raw_data_source/RGB_npy/FLIR1439.npy
raw_data_source/RGBT_jpg/FLIR1441.jpg,0.95,5 m,20.0 C,20.0 C,20.0 C,1.0,50.0 %,12144.752,1337.5,1.65,-6137,0.013073633,1.4022262096405,0,-12,0,80,0,60,640,480,raw_data_source/T_npy/FLIR1441.npy,raw_data_source/RGB_npy/FLIR1441.npy
raw_data_source/RGBT_jpg/FLIR1443.jpg,0.95,5 m,20.0 C,20.0 C,20.0 C,1.0,50.0 %,12144.752,1337.5,1.65,-6137,0.013073633,1.4022262096405,0,-12,0,80,0,60,640,480,raw_data_source/T_npy/FLIR1443.npy,raw_data_source/RGB_npy/FLIR1443.npy
raw_data_source/RGBT_jpg/FLIR1445.jpg,0.95,5 m,20.0 C,20.0 C,20.0 C,1.0,50.0 %,12144.752,1337.5,1.65,-6137,0.013073633,1.4022262096405,0,-12,0,80,0,60,640,480,raw_data_source/T_npy/FLIR1445.npy,raw_data_source/RGB_npy/FLIR1445.npy
raw_data_source/RGBT_jpg/FLIR1447.jpg,0.95,5 m,20.0 C,20.0 C,20.0 C,1.0,50.0 %,12144.752,1337.5,1.65,-6137,0.013073633,1.4022262096405,0,-12,0,80,0,60,640,480,raw_data_source/T_npy/FLIR1447.npy,raw_data_source/RGB_npy/FLIR1447.npy
raw_data_source/RGBT_jpg/FLIR1449.jpg,0.95,5 m,20.0 C,20.0 C,20.0 C,1.0,50.0 %,12144.752,1337.5,1.65,-6137,0.013073633,1.4022262096405,0,-12,0,80,0,60,640,480,raw_data_source/T_npy/FLIR1449.npy,raw_data_source/RGB_npy/FLIR1449.npy
raw_data_source/RGBT_jpg/FLIR1451.jpg,0.95,5 m,20.0 C,20.0 C,20.0 C,1.0,50.0 %,12144.752,1337.5,1.65,-6137,0.013073633,1.4022262096405,0,-12,0,80,0,60,640,480,raw_data_source/T_npy/FLIR1451.npy,raw_data_source/RGB_npy/FLIR1451.npy
raw_data_source/RGBT_jpg/FLIR1453.jpg,0.95,5 m,20.0 C,20.0 C,20.0 C,1.0,50.0 %,12144.752,1337.5,1.65,-6137,0.013073633,1.4022262096405,0,-12,0,80,0,60,640,480,raw_data_source/T_npy/FLIR1453.npy,raw_data_source/RGB_npy/FLIR1453.npy
raw_data_source/RGBT_jpg/FLIR1455.jpg,0.95,5 m,20.0 C,20.0 C,20.0 C,1.0,50.0 %,12144.752,1337.5,1.65,-6137,0.013073633,1.4022262096405,0,-12,0,80,0,60,640,480,raw_data_source/T_npy/FLIR1455.npy,raw_data_source/RGB_npy/FLIR1455.npy
